numBins;100;numSamples;10000
minVal;15727.950400;maxVal;16096.554109;binWidth;3.686037
lowerBoundary;15805.357179;upperBoundary;16011.775256
1
0
0
0
1
1
0
2
1
1
6
1
1
3
6
7
13
15
9
30
23
20
25
54
44
52
70
71
77
92
110
121
160
169
140
174
214
222
218
241
269
287
286
307
322
305
322
288
341
313
315
300
301
319
314
276
268
260
260
210
210
189
173
166
146
133
105
100
88
64
56
53
40
34
33
24
26
30
10
8
17
5
6
5
4
4
3
1
2
0
0
2
2
2
0
0
0
0
0
1
