numBins;100;numSamples;10000
minVal;14252.112029;maxVal;15358.438091;binWidth;11.063261
lowerBoundary;14418.060938;upperBoundary;15115.046357
1
0
4
3
0
3
3
6
6
5
13
14
14
20
21
31
31
38
45
68
53
69
89
101
113
97
122
177
161
170
193
198
208
217
206
246
249
260
269
285
258
294
303
278
318
258
263
265
267
261
248
260
232
208
218
181
184
170
165
159
170
150
130
107
89
100
84
71
71
57
59
46
45
27
25
30
21
17
19
17
5
13
12
6
5
2
4
5
2
4
3
0
0
3
0
0
1
0
0
1
