numBins;100;numSamples;10000
minVal;13795.989199;maxVal;14722.397095;binWidth;9.264079
lowerBoundary;13897.894068;upperBoundary;14500.059200
6
2
1
1
6
13
12
14
6
14
39
56
50
37
19
59
128
128
109
65
87
150
223
200
157
138
161
281
272
255
175
204
272
322
330
270
223
274
312
318
282
252
240
247
280
252
199
202
194
181
199
189
171
141
157
131
142
129
91
91
95
79
82
65
59
48
64
42
30
40
22
17
23
23
28
21
12
16
9
12
10
7
6
0
9
1
3
4
1
3
1
2
1
3
0
1
1
0
0
1
