numBins;100;numSamples;10000
minVal;14838.857267;maxVal;15366.856744;binWidth;5.279995
lowerBoundary;14933.897173;upperBoundary;15255.976853
1
0
0
2
1
0
4
0
1
8
3
6
12
8
9
15
15
17
27
32
37
45
46
53
59
75
68
82
106
120
123
155
148
159
185
176
235
206
209
260
258
280
281
265
285
304
299
301
314
278
304
305
266
259
291
284
213
215
222
224
223
162
162
147
118
117
120
98
87
82
84
64
52
53
42
43
32
26
23
24
14
11
13
5
6
6
8
3
7
4
1
0
0
2
2
1
0
1
0
1
