numBins;100;numSamples;10000
minVal;14603.554362;maxVal;15176.730710;binWidth;5.731763
lowerBoundary;14718.189631;upperBoundary;15050.631913
1
0
0
1
1
0
3
1
3
3
2
6
2
10
4
11
10
17
18
32
27
29
42
45
58
73
87
87
93
113
123
151
180
161
206
190
215
240
225
274
261
308
289
292
323
341
338
305
314
299
338
336
285
281
265
233
246
218
201
205
170
147
165
155
127
109
90
84
66
64
60
55
35
50
27
35
21
15
15
16
11
13
10
10
4
6
6
1
2
1
1
2
2
1
1
0
0
0
0
1
