numBins;100;numSamples;10000
minVal;14829.488880;maxVal;15285.285002;binWidth;4.557961
lowerBoundary;14902.416260;upperBoundary;15185.009855
2
0
0
0
2
1
1
4
3
6
10
11
5
21
20
22
37
34
47
50
63
89
103
103
122
131
152
155
176
214
224
220
213
221
277
290
282
299
318
316
293
285
320
272
307
278
276
265
248
246
237
219
218
205
188
161
176
173
168
133
117
122
104
84
79
72
53
60
50
37
38
30
21
23
29
25
21
14
14
15
9
9
12
11
4
4
5
3
7
2
3
2
2
2
0
1
1
0
1
2
